,station,latitude,longitude,elevation,depth
532,34A1,41.838657944,-119.653981023,1907.6772305,100.0
533,34A2,41.853117623,-119.60736388,1862.7794329,100.0
534,34A3,41.850735284,-119.577144252,1831.9474092,100.0
535,34A4,41.866601713,-119.494824975,1708.2157259,100.0
536,34NO,41.92914171,-119.708564875,1768.9731181,100.0
537,34SO,41.805874401,-119.706839385,1705.8902813,100.0
686,ABBY,49.072141046,-122.197802579,195.2803939,82.18802933673297
731,ABOT,49.029436497,-122.266569808,-4.0091647,78.92799294497459
745,ABRN,42.760741791,-120.100255173,1370.4842784,100.0
880,ADLL,42.196394973,-120.006710894,1545.8641693,100.0
915,AGNS,42.55276485,-124.059113708,51.3683661,20.147109566858784
987,AL2H,48.389780311,-123.487471726,31.7503964,37.48195326441949
1021,ALB4,48.389739572,-123.487687455,30.8906367,37.47920236840663
1026,ALBH,48.389781422,-123.487470112,31.7682625,37.481982231747
1194,ANAT,46.13286448,-117.135427403,1087.3003975,100.0
1258,ANTB,39.847881188,-117.370883675,1647.6170501,100.0
1260,ANTE,40.145912836,-118.167286438,1445.1147266,100.0
1266,ANTV,39.642525323,-120.28131807,1681.0612545,100.0
1381,ARLI,48.174067086,-122.141859552,23.2862091,58.92308251948808
1383,ARLN,45.708205802,-120.183269563,120.379725,100.0
1446,ASBU,43.82056507,-121.368506504,1508.8651969,86.40477966715416
1457,ASHL,42.180690735,-122.670169066,608.7265364,55.61635676959751
1474,AST1,39.39026138,-117.308367859,1760.0700209,100.0
1475,AST2,39.390432607,-117.308597661,1760.299987,100.0
1767,BAMF,48.835329253,-125.135104681,10.7466224,28.327250137085038
1768,BAMO,40.412750001,-117.204566,1792.4699856,100.0
1811,BASQ,42.411604556,-117.863031157,1348.6063937,100.0
1825,BATT,40.515922159,-117.208889232,1505.9367219,100.0
1841,BBAY,48.899077027,-122.769470373,-8.2125175,60.145327514856874
1848,BBUT,41.438766957,-118.294999004,1264.9319692,100.0
1850,BCAB,49.052173767,-122.329538238,72.7033674,77.69698003471918
1852,BCBU,49.251391241,-123.000194127,13.0048882,64.47263635934287
1855,BCCG,49.311892645,-117.65304565,443.6729268,100.0
1856,BCCH,49.14657981,-122.002575492,-0.4647045,89.26468087603739
1857,BCCO,49.689621965,-125.000777096,11.505068,50.1609815413283
1858,BCCQ,49.278590918,-122.791120322,14.1472795,71.19458544708512
1859,BCCR,50.024402417,-125.243965425,-0.6435613,53.31864355744249
1860,BCCY,49.700070964,-124.983690046,-0.9364562,50.73396069782644
1863,BCDN,48.777115443,-123.685425944,-4.4846586,40.74168242450302
1864,BCDT,49.032204182,-123.069251229,-7.4407816,57.084972868533924
1865,BCES,48.429263274,-123.428708746,21.1492085,38.52654901773892
1872,BCHO,49.378679823,-121.440679267,33.4268012,100.0
1874,BCIN,50.509196781,-116.028595026,829.3759828,100.0
1875,BCKL,50.67306977,-120.378841615,538.7953174,100.0
1876,BCKW,49.884759905,-119.495400284,354.666943,100.0
1878,BCLC,49.103818832,-122.657374447,3.6394913,68.87088817719685
1879,BCLG,48.442929276,-123.522605681,60.5028453,37.6273242271501
1880,BCLI,49.115116798,-123.147133716,-4.9187048,57.681646359607626
1882,BCMI,50.112486614,-120.78847206,588.6557998,100.0
1883,BCMR,49.221155426,-122.538536069,73.4952822,76.87136265205278
1885,BCNA,49.183930621,-123.953243935,44.3573061,48.567921688174266
1886,BCNS,48.648497088,-123.45099439,3.6470122,41.181764436578945
1889,BCOV,50.544281094,-126.842642383,37.3201896,33.84852908383866
1890,BCPE,49.494457683,-119.593740041,339.2991385,100.0
1892,BCPH,50.685563288,-127.375351894,1.3502759,100.0
1893,BCPI,49.499263495,-119.592202076,345.0540438,100.0
1898,BCSA,50.700343267,-119.279481676,354.0263341,100.0
1899,BCSC,49.472228362,-123.763077966,6.1581237,59.31017199699776
1900,BCSF,49.192086774,-122.860086739,83.4640522,66.08640791179116
1901,BCSL,49.565435969,-119.644242405,428.7710136,100.0
1902,BCSM,48.559486874,-123.799529645,932.687984,36.1895073736214
1903,BCSQ,49.699211167,-123.154021767,-5.910379,76.88023986528746
1905,BCSU,49.602222265,-119.68171294,474.9670616,100.0
1908,BCTS,49.006042863,-123.082771295,46.9367748,56.13303614029265
1910,BCUT,40.828498572,-124.082613098,-19.60935,17.45595409044382
1911,BCVC,49.275764217,-123.08934566,11.1812467,63.30640148946888
1912,BCVI,48.480710873,-123.391567814,15.1433341,39.46235858621285
1913,BCVR,50.241284069,-119.231191687,448.5132169,100.0
1916,BCWS,50.131309024,-122.954620921,639.1044227,93.23555179027865
1929,BDRY,48.986699005,-117.349926401,601.826541,100.0
1951,BEDE,39.824786244,-119.828292055,1573.5594643,100.0
1959,BEES,39.267201762,-117.709498225,2180.9242168,100.0
1981,BELI,48.755268613,-122.478972536,10.6557231,63.27770626237389
1990,BEND,44.057158802,-121.315186318,1095.8507321,87.23877047024278
2012,BERR,39.602176997,-120.447512507,1930.8907938,100.0
2032,BFIR,47.617421728,-122.12549899,121.6831727,55.777379977186804
2034,BFLO,40.728800959,-119.828741883,1363.6529555,100.0
2062,BHIL,39.378556878,-120.118041106,1988.8655008,100.0
2086,BIGD,47.933294039,-118.988832845,493.3747991,100.0
2090,BIGS,39.285994683,-116.824928679,1877.8291234,100.0
2102,BILS,47.539344489,-124.252526591,38.3527087,25.16639767255529
2163,BLAC,39.796469272,-119.294700357,1282.6700079,100.0
2173,BLDG,46.316974824,-117.975302735,483.3031734,100.0
2201,BLNP,44.245787259,-121.849796907,1521.7689936,72.74923792668496
2207,BLRK,40.769715578,-119.093269904,1237.3331279,100.0
2213,BLUM,40.949170612,-118.047485521,1364.6621909,100.0
2216,BLVU,47.599206791,-122.183214772,-8.2898841,54.21242828464282
2220,BLY1,42.406844845,-121.049065135,1313.4288037,96.87621031343147
2221,BLYN,48.016057607,-122.927540217,613.349308,41.60889476910555
2261,BNDM,44.089394531,-121.307539282,1070.3104232,87.37100734429643
2286,BOBS,39.448046826,-116.981966903,2185.4599443,100.0
2288,BOCA,39.410914943,-120.044952207,2058.9241417,100.0
2304,BOIL,40.272274899,-119.382330697,1273.7777996,100.0
2329,BONT,39.531079433,-120.428196726,2319.1571042,100.0
2331,BOOM,39.475596288,-119.955899312,2106.2257022,100.0
2381,BPEB,50.156701639,-127.771748133,710.9093868,100.0
2382,BPKT,46.883154568,-120.327122534,564.5167314,100.0
2390,BRAD,39.777365403,-119.05145901,1325.7316105,100.0
2401,BRBR,41.230283344,-120.109109183,1819.7434985,100.0
2407,BRD1,39.809273972,-119.002799986,1247.3930722,100.0
2417,BRDY,39.781308381,-119.008618235,1269.0921319,100.0
2429,BREW,48.131523827,-119.68263406,238.5965684,100.0
2466,BRN3,49.269892337,-123.015578633,32.5817899,64.67637894047748
2467,BRNB,49.275055522,-123.021820955,23.1199563,64.70697740610082
2473,BRNT,44.440217621,-118.191320959,1212.6993825,100.0
2481,BROK,39.168766911,-117.942609321,1820.6456258,100.0
2494,BRSP,45.40155314,-121.708505973,2061.2819366,72.6508856325025
2534,BSUM,47.554243424,-122.132300467,336.2981138,55.35087727886987
2548,BTON,45.485806564,-122.797395021,46.7604861,47.14087266785277
2554,BUC2,39.014330562,-122.053090859,14.7998366,100.0
2570,BUFF,40.36141278,-117.266192645,1483.5045347,100.0
2603,BURN,42.779501428,-117.843529435,1180.9208761,100.0
2604,BURR,40.518897859,-119.838997657,1252.2578229,100.0
2617,BUTT,41.478892981,-119.840734753,1747.6665241,100.0
2623,BVAL,39.565428219,-120.237245483,2042.5615471,100.0
2650,C046,48.990597247,-125.458857388,156.5570359,27.21070137409251
2654,C222,50.200115424,-119.317722981,458.2030327,100.0
2678,CABL,42.836098771,-124.563345701,37.8300383,12.637279797497445
2688,CACC,41.745598577,-124.184301057,-21.9578071,14.479841819620688
2691,CACH,39.714143427,-121.805292268,43.4238378,85.24378679204688
2699,CACR,40.309618986,-121.229106695,1364.4929216,98.01705840368903
2715,CAEL,40.421736597,-120.702888241,1456.8599983,100.0
2719,CAEU,40.804995004,-124.136108386,-22.1166424,17.321176372364285
2723,CAFL,41.0181072,-121.431572889,998.4992107,90.69428476422205
2724,CAFM,41.017873186,-121.43108514,996.4300316,90.70719041882226
2770,CALL,39.687786958,-116.77398761,1845.6656792,100.0
2793,CAMI,48.215347583,-122.478632787,10.9674636,51.99900240122419
2799,CAMS,41.314206276,-122.314359192,1068.5514427,67.14736041449964
2802,CAMV,39.148335216,-121.592492577,-4.4212854,97.593748047955
2826,CAOV,39.49631316,-121.609773596,38.1341178,92.96014022456002
2869,CARS,39.14491122,-119.79940749,1750.2469246,100.0
2890,CASI,40.832729602,-119.237200183,1266.5035789,100.0
2916,CATH,46.197302668,-123.367270802,56.3635389,35.69607730947773
2917,CATK,39.335509807,-120.169948862,1796.429298,100.0
2932,CAWI,39.521562493,-122.215705246,19.8388986,75.6301374104772
2937,CAYC,39.145335122,-121.64264022,-4.1091553,96.4063426754428
2956,CBLV,47.614190837,-122.19148251,45.7416995,54.05784560153511
2971,CBRV,50.00150187,-125.246870039,90.6115202,52.78082177888769
3001,CCPW,46.321203762,-117.97859602,497.3522105,100.0
3014,CCYN,39.102369651,-119.347705869,1532.103807,100.0
3125,CHCM,48.010617752,-122.775867102,20.4225422,43.91712036822602
3138,CHEL,47.831555396,-119.989904105,345.5292138,100.0
3139,CHEM,43.22436094,-121.785832788,1439.9693967,77.04832365168062
3184,CHLW,49.143516474,-121.995218364,1.6740223,89.37440398735541
3193,CHNA,39.720322399,-117.061892745,1887.5076582,100.0
3202,CHO5,39.432638614,-121.664963049,16.6471226,92.18832456961286
3203,CHO6,39.432880504,-121.66488474,17.2141058,92.18725887397906
3237,CHST,46.612197492,-122.909574346,58.0944854,42.0082908095666
3257,CHW2,49.152931052,-121.953834771,-0.263696,90.65189284697043
3259,CHWK,49.15660803,-122.008427046,173.9880889,89.38169075170993
3265,CHZZ,45.486515202,-123.978123583,50.7333171,26.19137103181938
3275,CIHL,43.750906343,-121.148683464,1945.5458778,91.97290007983685
3278,CINN,39.805316593,-118.884800927,1288.990815,100.0
3327,CLCV,42.975999887,-122.089393384,1873.816579,69.87622244449238
3332,CLEM,47.204925614,-120.969800817,633.610504,100.0
3341,CLHQ,42.895877684,-122.135997046,1952.4687642,68.80309291865657
3345,CLIO,39.767528463,-120.54938599,1486.3812036,100.0
3355,CLMS,42.922935605,-122.01629776,2705.2860718,71.84191821862713
3367,CLRS,48.820304264,-124.130884816,175.6345114,37.52014926315013
3386,CLWZ,42.934252269,-122.149158426,1869.8370454,68.36201767723695
3395,CMBR,50.053361118,-125.326401778,170.197947,52.266816256147266
3399,CME5,40.441773926,-124.396334452,305.7299662,17.389351758896098
3400,CME6,40.441406208,-124.396329642,304.0719997,17.392272140364945
3486,CNCR,48.538706434,-121.74930132,55.7974876,77.2901951572683
3524,COAL,40.250200508,-118.346110167,1410.4958659,100.0
3526,COAN,47.483944967,-122.174985452,86.9036303,54.133317842483066
3566,COF1,39.605018267,-119.24063374,1251.9892782,100.0
3602,COLD,39.410975813,-117.850876335,1690.8187593,100.0
3615,COLV,48.544764877,-117.90326607,486.1193293,100.0
3630,COND,45.237906408,-120.181378829,865.4101977,100.0
3653,COPP,39.915027351,-118.196875446,1280.6368262,100.0
3679,CORV,44.585535349,-123.304604509,105.6043706,40.07332564993527
3695,COT3,49.102467078,-122.690647085,1.984905,67.869281658389
3702,COTT,41.590714573,-119.341823481,1853.3052894,100.0
3703,COU2,49.689517225,-124.995614119,7.3787531,50.245228181488585
3705,COUG,46.059216377,-122.260774218,151.3853486,57.71104910381294
3707,COUP,48.217311045,-122.685604834,21.0360443,47.76477912571073
3708,COUR,49.689556372,-124.995632061,7.3276199,50.245992181997536
3733,CPCO,43.722100717,-121.233155872,2117.9492391,89.85927993791937
3745,CPRV,50.028532669,-125.268971321,3.1545401,52.91366132960303
3749,CPUD,47.430178015,-120.314224415,186.0632935,100.0
3751,CPXF,46.840085217,-122.256518982,533.6062304,58.06143479959464
3752,CPXX,46.840085232,-122.256518869,533.6090536,58.06143769356246
3756,CRA4,49.522144446,-115.768931969,921.6038357,100.0
3757,CRA5,43.415781657,-118.574936404,1248.2801061,100.0
3770,CRBN,47.081875895,-122.053508594,344.3602797,61.38655867979172
3818,CRNB,49.600238882,-115.669472908,808.8400055,100.0
3829,CROK,46.274599853,-122.912542721,1.0792001,42.78235146984914
3855,CRYS,39.249144033,-120.009735861,2098.1435173,100.0
3871,CSHQ,46.870726695,-121.732432219,2882.3516633,72.74425187528763
3872,CSHR,46.87071876,-121.73242218,2881.9399478,72.7445798701609
3875,CSKI,47.380571509,-122.235801267,10.2137686,52.66303015384952
3890,CST1,49.258190385,-117.657535595,514.0323694,100.0
4027,CTPT,42.37669393,-122.893958817,370.5656313,48.83545559818424
4072,CULM,47.975412676,-121.686864392,437.1930535,70.55108394334447
4083,CUSH,47.423344093,-123.219924034,217.1976219,36.28651895106613
4099,CVO1,45.610920464,-122.496132465,66.6594998,52.95826613030021
4101,CWAK,49.15293137,-121.95383408,-0.2283247,90.65191766303484
4404,DANP,46.280041354,-119.276277011,103.7465352,100.0
4432,DAVI,39.95636158,-120.578458938,2007.6461439,100.0
4439,DBLO,42.790501667,-120.419344699,1516.7964359,100.0
4446,DCSO,43.211008674,-123.341513653,136.8074697,37.71037620724114
4450,DDSN,43.118790921,-123.244241568,953.0876865,40.07759807327986
4452,DEA2,48.752737802,-122.480034178,6.6534565,63.189042986216286
4467,DEEJ,47.468836425,-123.926143588,103.6048175,28.338821471838877
4547,DIAM,40.204240066,-120.472538481,1968.801486,100.0
4599,DLTA,49.133530668,-123.015324771,-7.4556525,60.87758573781006
4610,DMND,48.136771372,-117.16365776,718.0958607,100.0
4666,DOT1,39.156198564,-119.763439704,1415.788915,100.0
4671,DOYL,40.025856122,-120.147315789,1686.2282541,100.0
4688,DR2O,49.322617936,-119.624984288,541.8771562,100.0
4689,DR4O,49.322618247,-119.624983685,541.8624406,100.0
4692,DRA3,49.322374134,-119.624826002,535.644364,100.0
4693,DRA4,49.322740927,-119.624481845,541.3889136,100.0
4698,DRAO,49.322618799,-119.624982591,541.8697138,100.0
4730,DRYV,40.401465286,-119.852075614,1288.7563517,100.0
4801,DVPT,47.65607069,-118.147814028,727.6760768,100.0
4809,DWH1,47.77410395,-122.080155901,109.09477,57.52077568107596
4926,EDNA,40.901034115,-117.314652391,1476.1747119,100.0
4966,EGLI,43.030943236,-120.786804215,1465.1820675,100.0
5005,ELGN,45.564862924,-117.928426935,815.9945583,100.0
5011,ELIZ,49.873053362,-127.122664089,164.6825002,21.792815533519352
5016,ELKO,40.914690001,-115.817198,2016.884815,100.0
5025,ELSR,47.497604361,-122.760584253,115.2245286,42.03506646230015
5032,EM01,43.559072178,-116.228345481,858.3765616,100.0
5061,ENGL,39.461515704,-120.537183319,1912.8277904,100.0
5074,ENTR,45.431256535,-117.288081843,1126.5698789,100.0
5076,ENUM,47.206207108,-121.955583983,227.0828932,62.50353309540195
5086,EPHR,47.329335799,-119.544679401,375.4538427,100.0
5167,EUCH,44.834741181,-123.870811628,721.9084558,28.402618326480606
5177,EVER,41.86455103,-120.58270597,1579.6012485,100.0
5218,FAND,43.147005727,-120.580411117,1526.04351,100.0
5225,FARR,40.512950108,-118.734091118,1610.6418486,100.0
5227,FARW,47.636386023,-117.654382664,729.2272336,100.0
5269,FERI,40.076530967,-120.308310311,1796.2016859,100.0
5317,FIRE,39.90355559,-119.089923767,1426.6967367,100.0
5323,FITT,40.332137894,-118.092511115,1454.6876035,100.0
5324,FITZ,42.022129529,-120.589220918,1931.3920322,100.0
5339,FLAN,40.158345817,-119.820139031,1263.6303739,100.0
5365,FLEM,40.417959103,-120.279768593,1360.3046053,100.0
5400,FLN1,39.466623174,-118.763747951,1187.3518262,100.0
5472,FOST,41.10887789,-120.792039701,1617.220046,100.0
5477,FOUR,43.364338833,-120.688124353,1402.957551,100.0
5481,FOXR,40.575191372,-119.472272683,1299.9916593,100.0
5503,FREN,39.883783431,-120.222212099,1835.8151406,100.0
5507,FRFX,47.00769551,-121.959895132,939.0870752,65.34227661789558
5508,FRG1,39.396263968,-118.634606306,1248.5456357,100.0
5509,FRG2,39.356569846,-118.636607079,1251.0810489,100.0
5510,FRG3,39.382205101,-118.706584178,1170.7900426,100.0
5511,FRG4,39.38919917,-118.697261612,1171.4266218,100.0
5512,FRG5,39.421580552,-118.710987502,1179.330405,100.0
5515,FRID,48.535223964,-123.018113052,11.3884734,46.1576239322061
5546,FSRH,49.138009534,-122.28767238,30.7487081,81.69953715297575
5565,FTRS,50.828739172,-115.200308145,2114.8099986,100.0
5567,FTS5,46.204887536,-123.956094585,-13.7124209,25.858918435931155
5568,FTS6,46.205162761,-123.956012144,-13.502428,25.859933320285045
5584,FWBD,44.291888202,-117.221641967,631.4293968,100.0
5939,GARC,40.416922733,-119.355598469,1643.8319348,100.0
5944,GARL,40.416526671,-119.35545651,1640.2272535,100.0
5947,GARR,40.625612615,-118.979286938,1738.9411398,100.0
5954,GASB,39.654707238,-122.715930528,1361.9373971,57.54379311390251
5986,GBN1,44.564578048,-121.439286546,864.9025579,82.62425156639341
5987,GBN2,44.559240795,-121.565284402,1270.7103191,79.16783456085355
5988,GBN3,44.548397508,-121.712580516,1143.5687168,75.12661297209374
5989,GBN4,44.568049096,-122.102143929,1342.4846414,65.69821788735672
5990,GBN5,44.602144864,-122.236024459,1329.3777345,62.833242520265046
5991,GBN6,44.424866691,-121.422866285,823.6670054,83.46328242676663
6019,GEIG,39.383743094,-119.701006723,1726.6937933,100.0
6030,GEND,39.089494798,-117.16189153,1791.8113701,100.0
6050,GERL,40.649808926,-119.360861254,1186.7779295,100.0
6073,GHCC,46.952586407,-123.802061375,32.3580312,28.434466277216863
6074,GHCL,46.952524853,-123.801894875,36.7717799,28.43653943387389
6101,GIRL,39.628358221,-120.005251774,1610.0198323,100.0
6132,GLDR,49.681485495,-126.127331934,-9.3548161,31.930170369827877
6140,GLNW,46.019872982,-121.288734222,567.1894501,85.27814402091464
6158,GLWD,46.019828332,-121.288607916,561.0038236,85.28316508194759
6191,GOBS,45.838818582,-120.814676296,621.475868,100.0
6217,GOLM,40.461828268,-117.600459056,1465.1820341,100.0
6219,GOLY,45.828697991,-120.802457034,500.1138156,100.0
6239,GORG,47.089014425,-119.849143713,355.8821782,100.0
6283,GRAN,40.086944418,-119.04914724,1517.3112239,100.0
6288,GRAV,41.34985894,-120.605170633,1380.1904659,100.0
6294,GRCK,48.143585664,-117.664569427,669.7549572,100.0
6324,GRMD,46.795486018,-123.022597573,30.7860815,39.522713417172774
6346,GRP4,48.194667851,-122.127286296,22.1681895,59.495252959192364
6356,GRSV,45.364413773,-120.787411791,677.4654702,100.0
6391,GTPS,42.434494011,-123.29737987,278.598589,37.762002394276514
6398,GUAN,42.015697048,-119.483016128,1884.8677799,100.0
6453,GVG1,39.048346412,-118.10234554,1855.8112241,100.0
6470,GWN5,45.782632873,-121.327562645,732.5408459,83.81476642137717
6471,GWN6,45.782628152,-121.327254467,733.2459743,83.82314235125561
6509,HAHD,47.290800632,-121.788083905,853.9850405,67.61310222780125
6519,HALF,44.872390419,-117.099829697,783.4350976,100.0
6586,HAZE,39.58682998,-119.047975839,1299.5482416,100.0
6613,HCRO,40.815917334,-121.469898745,1000.1398619,90.05122995538478
6624,HEAV,40.782814401,-120.728634413,1675.3150712,100.0
6648,HENN,39.518189494,-120.533744841,2127.8165867,100.0
6679,HGP1,47.01929383,-122.921056582,99.6412793,40.465076776487216
6749,HLSY,44.377564685,-123.109118273,71.9081816,44.84037610217075
6806,HOLB,50.640353746,-128.134996932,559.5990253,100.0
6822,HONY,40.080009117,-119.936676863,1307.3151007,100.0
6832,HORS,40.592259294,-120.495226237,1624.2836306,100.0
6837,HOTS,41.154367028,-117.474192156,1897.2954769,100.0
6873,HRPR,43.86587094,-117.607947242,760.9029756,100.0
6880,HRTM,42.246997205,-119.564166218,1735.3348865,100.0
6902,HTCH,47.191687227,-120.965926989,569.4209893,100.0
6931,HUNG,39.689289631,-119.753748915,1552.438858,100.0
6938,HUSB,44.119526303,-121.849361486,2038.3981895,73.12589489700733
6954,HW50,39.425142029,-116.757236568,1886.1129,100.0
6957,HW89,39.556265801,-120.33985394,1688.8202461,100.0
6962,HWKV,42.118249991,-119.14837919,1987.6646501,100.0
7267,IDB2,43.602477434,-116.271646843,817.4192788,100.0
7270,IDBO,43.611677456,-116.318576739,800.1509866,100.0
7272,IDCA,47.741565535,-116.796543503,684.5872875,100.0
7277,IDEM,43.864881437,-116.475469385,717.4339048,100.0
7278,IDFB,43.616551115,-116.250494094,816.7200655,100.0
7279,IDFC,47.532098446,-116.932447777,768.7713759,100.0
7280,IDFL,44.009187596,-116.916130678,666.9489988,100.0
7283,IDHD,43.908636679,-116.201965999,786.378841,100.0
7290,IDLW,46.408931786,-117.026176919,249.2528436,100.0
7291,IDM1,43.60604397,-116.386502737,786.3892227,100.0
7293,IDMH,43.137605336,-115.669654114,961.3340129,100.0
7294,IDMI,43.705929541,-116.637987417,719.6499995,100.0
7296,IDMN,43.705689182,-116.701152994,728.7348768,100.0
7298,IDMU,43.216754443,-116.551066164,848.8415275,100.0
7299,IDNA,43.582261114,-116.570041376,749.1579655,100.0
7301,IDNP,45.939709751,-116.121273883,996.6190206,100.0
7302,IDNR,43.205443869,-116.750128555,1191.0000134,100.0
7304,IDOR,43.29683294,-116.055890212,946.0845387,100.0
7308,IDPY,48.312711544,-116.545288851,641.1542547,100.0
7310,IDRO,43.72287879,-116.962476293,707.7542369,100.0
7315,IDTD,43.652942235,-116.283407456,788.6590139,100.0
7550,INV1,39.252139514,-119.970503392,1948.0239718,100.0
7557,INW1,47.714425867,-116.92979219,655.9195932,100.0
7558,INW2,48.187998109,-117.029897504,619.1988772,100.0
7655,IWAC,46.305881494,-124.039429968,-14.1741709,24.510667026288058
7657,IXLC,39.662511002,-118.186605352,1239.0231526,100.0
7674,IZZN,40.866025177,-116.844119943,1561.8475691,100.0
8654,JAKE,41.152034338,-117.06335392,1464.1582066,100.0
8661,JAMI,39.73513432,-120.722807005,1672.9935387,100.0
8710,JERS,40.277963543,-117.437746172,1500.7891883,100.0
8721,JIME,45.523118877,-122.990528503,53.0456285,43.38344817375433
8729,JKPR,46.535022252,-122.837938182,148.6503787,43.555705728254104
8758,JOBO,48.562370441,-122.437300277,-11.5256011,59.47488137755195
8777,JORD,48.43306354,-124.053857357,88.765853,32.89495163982268
8801,JRO1,46.275124507,-122.217615864,1275.5931682,58.98232795983693
8823,JUN1,43.743820397,-118.078483332,890.5969815,100.0
8826,JUNG,40.907847631,-118.411645816,1309.7290246,100.0
8827,JUNI,40.322976588,-119.068338411,1410.0922377,100.0
8873,KAHL,46.641109541,-118.557287394,258.1429926,100.0
8898,KAML,50.690153303,-120.325302835,337.5475281,100.0
8905,KANA,48.955535169,-119.436027285,266.045723,100.0
8988,KEL1,49.876223038,-119.457151937,349.7534669,100.0
8992,KELS,46.118177477,-122.896069109,-15.9383858,43.472247896524905
8999,KENI,46.19788383,-119.15863194,146.1534038,100.0
9020,KFRC,42.2241712,-121.783880581,1240.1883528,79.40012910265602
9090,KITT,40.062566081,-117.912274226,1655.5833745,100.0
9117,KLO2,49.875609068,-119.457819097,347.987765,100.0
9118,KLO3,49.877385185,-119.457636799,347.2513827,100.0
9127,KLSP,48.345611807,-117.272450675,619.9799667,100.0
9129,KLTS,46.643207018,-118.55816922,257.2406137,100.0
9133,KLWA,49.869344557,-119.580812074,473.4275573,100.0
9134,KLWN,49.869628834,-119.581143491,474.0109833,100.0
9140,KMLP,50.673104144,-120.378745387,538.7855631,100.0
9163,KNTP,47.425111059,-122.257608332,-6.5173087,52.12291551454891
9201,KOOT,47.770749067,-116.809641251,685.7910207,100.0
9268,KRMT,47.802875803,-122.320989919,84.2874875,51.526130112894876
9361,KTBW,47.547319611,-122.795417868,491.5606104,41.53897755673198
9400,KUMI,40.443546538,-118.969851091,1370.7127442,100.0
9425,KWBU,43.752384377,-121.312003985,1762.5611213,87.93630095469851
9458,KYLE,40.401448394,-117.854780085,1529.0687728,100.0
9528,LACE,39.457513386,-120.441668719,2149.6787741,100.0
9533,LACR,40.850804719,-115.703739303,1653.7662962,100.0
9572,LAKE,39.936128053,-119.375315082,1186.9449913,100.0
9607,LAN2,49.10048596,-122.685033446,-1.1053088,67.96388322541361
9633,LAPL,39.394144891,-118.304448393,1473.2077059,100.0
9634,LAPN,43.664601123,-121.506004581,1278.9357122,83.29227997054815
9734,LCR1,46.819577754,-117.878609091,441.1492089,100.0
9739,LCSO,44.634351391,-123.106665383,59.0922473,44.187928961900425
9806,LEMO,39.580884187,-120.307748437,1646.0681381,100.0
9842,LEWI,40.403513001,-116.861873,2916.7115538,100.0
9855,LFLO,43.983605611,-124.107708584,-6.4002737,22.644911229346533
9915,LIKE,41.227790448,-120.443222134,1404.6028936,100.0
9931,LINH,47.000335439,-120.538501496,472.2519826,100.0
9933,LINL,44.178587624,-121.902665683,1213.4404022,71.70698966257247
9963,LKCP,47.944379629,-121.830852755,178.2649999,64.7960133091648
9969,LKN1,40.859933196,-115.742270633,1582.1100153,100.0
9973,LKVW,42.172096338,-120.346681605,1433.0156287,100.0
10004,LMID,46.369382382,-120.284671775,211.7207522,100.0
10011,LMRR,39.538543859,-119.813115687,1373.699751,100.0
10024,LNG2,49.05805036,-122.703289922,36.0621382,66.01145155887247
10027,LNGB,47.21878571,-122.758315504,2.4359448,42.53486205868782
10032,LNGV,41.78518173,-119.752362653,1735.9888135,100.0
10038,LNRD,41.47663324,-118.710092369,1275.6479188,100.0
10074,LONC,40.660741871,-120.615201538,2052.1530817,100.0
10091,LOST,41.073913304,-119.773828388,1642.1761105,100.0
10159,LPSB,44.051228557,-123.090085508,117.7010683,45.63193477465845
10206,LSIG,47.695201067,-121.689564813,527.1995496,71.38811586896648
10212,LSON,45.359532538,-121.647227934,1999.4342887,74.38678374220582
10224,LTAH,47.282428327,-117.163884858,735.6149377,100.0
10265,LUNC,39.629131216,-120.500750602,2143.8492353,100.0
10276,LUXO,40.514513771,-119.232261326,1538.6502809,100.0
10281,LVIL,41.070435898,-119.377573624,1593.2957606,100.0
10290,LWCK,46.278132944,-124.053846231,39.0512337,24.278889878986536
10294,LWST,46.373178411,-117.002307098,427.2210043,100.0
10297,LYAL,39.668992344,-120.185016728,1658.4556282,100.0
10353,MADE,41.035151012,-120.435622463,1702.0268045,100.0
10391,MAJU,40.707021074,-118.436630256,1426.1577641,100.0
10486,MASC,41.605081319,-119.547984272,1749.163453,100.0
10490,MASO,39.074190511,-119.163214685,1354.597883,100.0
10528,MAX1,39.273877364,-122.190531961,3.917101,100.0
10586,MCKI,40.208513619,-117.783771481,1590.700788,100.0
10603,MCOY,40.117907781,-117.590023728,1184.0645684,100.0
10607,MCSO,44.973810697,-122.955749152,52.7953414,46.00693662704046
10640,MDMT,42.418341659,-121.221599383,1710.5802488,92.78314766636495
10652,MDRS,44.664029861,-121.130418998,735.9183767,91.11953206877453
10676,MECR,44.085250254,-121.825167155,1812.6422839,73.78586018341652
10801,MGRB,48.999694529,-124.697079759,1289.2583736,36.05375686806036
10816,MHMB,39.148348802,-121.592310472,-5.3085517,97.59812158825994
10819,MHTL,45.328669217,-121.711161852,1750.3161953,72.72421501900975
10913,MILL,40.651759938,-118.063933764,1315.6656986,100.0
10941,MINE,40.148366001,-116.095512,2075.6419642,100.0
10973,MIS1,49.159235022,-122.287611992,132.5494062,82.30422356195886
11005,MKAH,48.370674327,-124.589224023,23.650591,27.606286500993217
11038,MLKE,47.130925935,-119.274072555,314.3606091,100.0
11102,MNDS,39.624727845,-120.400636685,1493.2847608,100.0
11282,MODB,41.902325325,-120.302830882,1567.2204701,100.0
11308,MOGL,39.525168896,-119.926265269,1517.5681272,100.0
11313,MOHA,39.684467694,-120.604186958,2192.5757349,100.0
11324,MOIL,40.710682819,-115.412113379,2160.4466786,100.0
11374,MON3,46.982854694,-123.603556779,8.0299579,31.08681658030689
11388,MONI,39.147709292,-116.715570706,2109.2516726,100.0
11432,MORG,40.447447545,-120.065411404,1520.7188374,100.0
11481,MOUN,40.303374432,-117.069515083,1503.0642469,100.0
11510,MPRG,49.21081636,-122.660693677,-6.0413105,72.59263196766753
11546,MRIB,49.467016475,-123.914076608,-7.758605,57.82201958301681
11571,MRSD,46.785345173,-121.742039322,1629.7355941,72.21144111913392
11589,MRYV,39.14831137,-121.59225905,-4.3924709,97.59979695480278
11653,MSLK,47.130625222,-119.273810437,310.5459345,100.0
11732,MTCL,44.565207123,-120.146567461,877.8352059,100.0
11844,MUIR,46.83563318,-121.733159776,3067.7375541,72.61693606671743
11853,MULL,39.87823014,-119.647682988,1430.9875248,100.0
11906,MYRA,49.550975817,-125.570725288,605.7772988,37.27498203162
11922,MZNT,45.701528094,-123.930860863,-12.4822876,26.806243973713897
11936,NACH,39.996574553,-119.219239564,1692.8409868,100.0
11947,NAJF,44.716681524,-123.268258845,96.27418,40.62899140611274
11957,NANA,49.163829874,-123.938138382,15.8555216,48.01797408950361
11959,NANI,49.107224436,-123.896752213,54.6131873,46.60647753825243
11960,NANO,49.294810454,-124.08647916,6.5811745,50.83856679220283
11969,NARR,39.254612932,-119.283200951,1287.8292274,100.0
12102,NCOW,48.823915379,-123.719880554,31.1378266,41.41374575391704
12118,NCS2,50.403052359,-126.05587785,1285.6772686,43.6513714248514
12204,NEAH,48.297854889,-124.624906942,459.8591675,26.357090395281446
12313,NEWP,44.585024726,-124.061886586,20.4443063,24.423707412843353
12315,NEWS,39.68561676,-117.508935606,1770.4207618,100.0
12320,NFLN,39.421596506,-118.710784786,1194.1499492,100.0
12331,NGWN,42.306257801,-119.404695532,1669.0577838,100.0
12374,NINT,47.495097742,-121.797084561,127.3213684,66.35444178653673
12512,NORM,43.738875487,-121.252721096,2161.3829642,89.36822505477923
12516,NOSE,43.91190256,-123.738723357,848.998161,29.97305947198461
12539,NPAS,39.582141986,-117.535808449,1723.5970101,100.0
12597,NTKA,49.59236314,-126.616611314,-1.5568254,24.372640203933738
12617,NVAN,49.322253579,-123.10691009,-2.7921358,64.39757440518835
12624,NVCC,39.180820182,-119.765298946,1419.1368243,100.0
12626,NVCR,49.304169631,-123.008733486,-5.0801804,66.07075466537191
12629,NVFN,39.474616848,-118.798106499,1193.8615587,100.0
12642,NVMM,39.449395645,-119.780328377,1354.1977235,100.0
12653,NVRO,39.520829222,-119.73220936,1320.4141581,100.0
12657,NVSP,39.528586995,-119.701895681,1326.2835191,100.0
12664,NWBG,45.300051836,-122.975530795,42.5859916,44.38415896645594
12668,NWE3,49.200245902,-122.941676764,1.7377855,64.2100340984581
12673,NWPT,48.17769475,-117.048090393,655.0602318,100.0
12767,OAKR,43.738338541,-122.444565899,375.9019785,60.28695199214867
12781,OBEC,44.065964964,-123.098149263,111.8619917,45.432769724407336
12788,OBSR,46.899797846,-121.815365584,2363.138577,70.0073392658117
12789,OBSV,40.735365545,-120.157483254,1668.0276799,100.0
12792,OCEN,46.952371203,-124.159714368,-17.3667229,23.885678766808283
12803,ODOT,44.896661219,-123.000807517,51.2200753,45.37286406664696
12805,ODSA,47.328974766,-118.712589469,468.2659167,100.0
12953,OKNG,48.373410509,-119.551513018,270.9742984,100.0
12985,OLAR,46.96119522,-122.908465585,41.0764862,40.94967379156091
12992,OLI1,49.179547327,-119.545392207,288.8768659,100.0
13000,OLMP,47.044846922,-122.895218709,2.6209248,40.86543255446492
13025,ONAB,44.514522183,-124.074516331,17.5281942,24.104416807554905
13073,ONLY,40.963823945,-120.268079745,1647.1280859,100.0
13104,ONT1,44.023180225,-116.937974711,646.0660438,100.0
13132,ORAL,45.718558264,-120.202543201,71.3276983,100.0
13134,ORBD,44.094975863,-121.301614763,1063.9279079,87.50941288189718
13135,ORBN,44.094337989,-121.301886478,1060.3233334,87.5040314029012
13140,ORCD,45.226953907,-120.180596509,840.6638626,100.0
13141,ORCP,42.380541308,-122.883206649,380.961662,49.13386709772889
13143,ORDN,45.234004229,-122.815905657,43.3525788,47.7828389247018
13144,ORDO,45.234129426,-122.81594663,45.6388121,47.781513176367966
13148,ORE4,44.063388398,-123.179263971,105.1942956,43.50205939991486
13152,OREU,44.045046873,-123.161907475,105.7874396,43.91781635910654
13153,ORFL,43.986414845,-124.111314977,-3.5928012,22.58037646059684
13154,ORG1,45.497847935,-122.416048995,95.326857,54.995097333062795
13156,ORGR,45.497642912,-122.415918347,97.6549049,54.998469019607356
13157,ORHA,44.289836046,-123.154435209,77.4030823,44.02321303706216
13158,ORHB,45.51911049,-123.025298189,43.0944043,42.79981702819247
13159,ORHI,45.519086878,-123.025309543,42.955021,42.799692026606586
13160,ORHM,45.805162507,-119.321136679,164.1664298,100.0
13161,ORHP,45.360743709,-119.565172066,605.7247257,100.0
13171,ORK5,42.288814581,-121.669332839,1258.4599345,82.11277725232566
13172,ORK6,42.288810908,-121.669655009,1258.429987,82.1048349827812
13173,ORKF,42.143381699,-121.808647824,1234.5805733,78.93360470148203
13176,ORM1,44.601564611,-121.140984096,715.9017213,90.92097551108353
13178,ORME,42.028529984,-121.613425218,1224.826939,83.9624066991649
13179,ORMF,42.379887057,-122.884476124,379.7348141,49.099051768817006
13180,ORMO,45.154492251,-122.602037763,80.79546,52.645757990337
13182,ORMV,45.187896355,-123.2090882,30.5402793,40.583929882064695
13185,ORNW,44.674847491,-124.061151703,18.6834139,24.52731192239934
13189,OROR,43.746379523,-122.485270477,327.3094629,59.41061783973737
13191,ORPE,45.670929169,-118.850194326,312.1214798,100.0
13192,ORPO,45.506986471,-122.672772044,25.9457695,49.564785525939165
13193,ORPT,45.57882919,-122.649979662,-2.9692791,49.8100467549705
13194,ORRB,43.298383711,-123.34922115,140.0489133,37.73346247768531
13195,ORRD,44.269804033,-121.17992824,903.2590875,90.32334224586722
13197,ORS1,44.164247371,-119.058754647,1437.6399744,100.0
13198,ORS2,44.164138589,-119.058446118,1438.549961,100.0
13199,ORSB,44.625272365,-124.048839369,-10.9651119,24.71043601868888
13200,ORSH,44.397658259,-122.727591027,150.1749536,53.58688547144717
13201,ORSL,44.972985943,-122.955329295,46.1247325,46.01921401850478
13202,ORSM,44.972912363,-122.955391065,46.5244133,46.01820385898917
13203,ORTA,44.558349667,-123.111084238,60.6577454,44.349271018401566
13205,ORTI,45.485585297,-123.846202289,-9.6040972,28.544710986969967
13206,ORTN,44.560367465,-123.116575109,57.6869162,44.22409853985695
13207,ORUG,44.1184964,-123.176274148,97.5087743,43.56229588760359
13209,ORVB,39.554627243,-121.500290845,339.9995198,95.29463896903641
13211,ORWA,45.586413105,-120.686590315,389.2878641,100.0
13251,OTHL,46.822553394,-119.167877655,313.8389686,100.0
13253,OTIS,48.417840463,-122.336571519,6.3689155,58.57646077898572
13254,OTLO,46.828439926,-119.17437414,311.4995088,100.0
13310,OYLR,47.47461072,-122.204755987,23.9613612,53.441614238908485
13314,P002,39.521138608,-117.186530957,1741.6801332,100.0
13317,P005,39.910171457,-115.278627463,2015.6901394,100.0
13325,P013,41.428741539,-117.329994055,1433.4064758,100.0
13329,P017,41.27589616,-119.935509989,2390.6448646,100.0
13330,P018,42.981706537,-117.064558014,1424.2510789,100.0
13331,P019,43.30019622,-115.311661665,1682.3686655,100.0
13332,P020,47.002208793,-118.565769564,480.1286938,100.0
13333,P021,48.674692682,-118.730252896,1163.1333276,100.0
13334,P022,45.231786138,-118.013772758,888.1137044,100.0
13335,P023,44.898433462,-116.103005338,1521.5884531,100.0
13336,P024,47.562202127,-115.842434321,1907.6226937,100.0
13337,P025,48.731014228,-116.287511774,695.4298634,100.0
13370,P058,40.876305662,-124.07536958,21.401843,17.183197282567665
13372,P060,40.99763233,-122.414884054,430.8108989,63.477253497210995
13373,P061,42.967377998,-124.014014869,162.755454,22.393162532547173
13374,P062,43.112387101,-121.090713663,1350.265463,94.4410192862359
13375,P063,44.922722311,-120.946152979,965.3988614,96.40800073102452
13376,P064,47.96984629,-123.487705126,1570.7160085,34.54850919179182
13377,P065,46.843959813,-120.933091879,1017.1146115,100.0
13380,P068,39.30564354,-117.984788375,1455.9091756,100.0
13381,P069,39.287940935,-117.604894772,1886.3715734,100.0
13383,P071,39.34654773,-117.401180767,2085.3258624,100.0
13384,P072,39.521455482,-116.740896148,2061.2068299,100.0
13385,P073,39.500524664,-116.424470162,1942.6233798,100.0
13386,P074,39.546427478,-116.04959706,1947.7076855,100.0
13387,P075,39.374243901,-115.888817465,1881.6406622,100.0
13388,P076,39.536062859,-115.512598428,2006.0539347,100.0
13389,P077,39.388561345,-115.431824431,2334.1877938,100.0
13390,P078,40.433417113,-117.879804666,1444.8093124,100.0
13395,P083,40.320581403,-117.467636506,1642.6641056,100.0
13397,P085,40.495461533,-116.736212283,1661.2011489,100.0
13399,P087,40.363205868,-116.279263953,2358.4165141,100.0
13402,P090,39.572803503,-119.799853075,1503.6494843,100.0
13407,P095,39.698430633,-119.536904662,1608.8042408,100.0
13408,P096,39.795565082,-119.305642436,1243.2840397,100.0
13409,P097,39.838806179,-118.873860402,1210.3778067,100.0
13410,P098,39.888882209,-118.684414065,1286.5694739,100.0
13411,P099,39.212320408,-118.159350612,2455.6629066,100.0
13414,P102,39.924921701,-115.556006875,2718.1142263,100.0
13439,P127,39.49921377,-119.599924323,1523.9404664,100.0
13440,P128,39.486098556,-119.068640234,1320.007153,100.0
13441,P129,39.133893324,-118.449602863,1714.1151736,100.0
13442,P130,39.26803531,-118.9377589,1380.0701952,100.0
13443,P131,39.454685704,-118.351268067,1825.0520682,100.0
13449,P137,40.779795438,-119.476766928,1331.7834857,100.0
13450,P138,40.242178394,-119.010164606,1243.696222,100.0
13451,P139,39.908199301,-119.722451312,1522.9942864,100.0
13453,P141,39.046632613,-120.385583481,2170.3862251,100.0
13454,P142,39.12353293,-119.810717142,1784.9174561,100.0
13456,P144,39.466703748,-120.892985638,1436.8629622,100.0
13457,P145,41.357688253,-119.624325928,1755.2011208,100.0
13458,P146,39.337463521,-120.537299438,2347.304317,100.0
13459,P147,39.9373864,-120.284413446,2488.9097039,100.0
13460,P148,40.418587933,-120.805961012,1584.555214,100.0
13461,P149,39.602129874,-120.104975005,2634.6759447,100.0
13462,P150,39.292380226,-120.033853632,2619.0620245,100.0
13463,P151,40.288901515,-120.077263591,1313.0418657,100.0
13464,P154,41.807082586,-123.360050167,319.8855551,35.53968643596666
13465,P155,41.272434819,-123.188786101,1784.0810278,35.51631381267359
13466,P156,40.024442034,-123.906116232,488.9937041,30.421516208994028
13467,P157,40.247545906,-124.308072818,695.8140098,21.925169066699162
13468,P158,40.422489785,-124.107207512,873.6958565,20.861969323768864
13469,P159,40.504786341,-124.282781929,608.2155777,18.084057658271487
13470,P160,40.551251587,-124.133270958,94.2221799,18.928418022819947
13471,P161,40.637362687,-124.213085708,32.4299431,17.611599255042584
13472,P162,40.691094163,-124.237036527,-6.4408164,17.0936236046959
13473,P163,40.219570985,-124.057289127,425.243122,25.498061410483725
13474,P164,40.119256013,-123.693339266,1148.3163987,28.816530008052325
13475,P165,40.24554847,-123.853264214,545.6438795,25.804204360291727
13476,P166,40.43518302,-123.862827951,665.2678286,22.425640212166744
13477,P167,40.54370411,-123.880177032,1021.1437426,20.66409680336193
13478,P168,40.668637315,-123.881459799,1093.4480273,19.401236988275155
13479,P169,40.791144494,-123.967652439,689.3881885,18.232181087030668
13480,P170,40.880232477,-123.863280815,918.1200552,18.36748347435897
13489,P179,42.098971786,-123.685571147,402.1844683,27.291723785264978
13494,P184,39.117164452,-123.708936989,108.9526141,100.0
13495,P185,39.261302875,-123.749335131,146.3524707,100.0
13496,P186,39.150178091,-123.518151691,372.8005114,100.0
13497,P187,39.352476788,-123.602540691,163.9914803,100.0
13500,P190,39.24195495,-123.204047296,202.8113879,100.0
13501,P191,42.275355724,-123.63226302,371.378717,28.88641043563311
13502,P192,39.319727554,-123.105188662,259.7198994,100.0
13515,P205,39.398123366,-122.963064293,771.0746377,100.0
13517,P207,39.260044661,-122.718567635,1826.5977681,100.0
13518,P208,39.109301631,-122.303868888,74.3206014,100.0
13579,P270,39.243769856,-122.055212706,-12.2993724,100.0
13581,P272,39.145481699,-121.943062182,-12.0487986,100.0
13621,P312,39.529178185,-123.698374307,254.9419307,100.0
13622,P313,39.554288052,-123.564544548,651.7661173,100.0
13623,P314,39.685663403,-123.581846985,1251.9589091,100.0
13624,P315,39.863582632,-123.716895883,257.9255732,100.0
13625,P316,41.559132969,-124.086143923,234.972271,15.707220906847144
13626,P317,39.905669995,-123.551849843,1118.6525076,32.96095811923534
13627,P318,39.452369058,-123.371852999,594.9512403,100.0
13628,P319,39.70709679,-123.295078185,513.0229206,100.0
13629,P320,39.492826755,-123.186785335,392.4022947,100.0
13630,P321,39.897220023,-123.394947006,1133.6588522,33.95185820371482
13631,P322,39.962143809,-123.182481131,1433.8416835,36.40412330695176
13632,P323,39.845747696,-122.963441997,2085.5824482,45.19158180762707
13633,P324,40.256837615,-123.655736875,509.3622523,26.02244005428901
13634,P325,41.151669979,-123.882606587,914.4937231,17.85801899678947
13635,P326,40.57531386,-123.698930088,1261.6675451,21.349179039909643
13636,P327,40.478860344,-123.57306415,710.0132311,23.178301113737415
13637,P329,40.082214292,-123.452045767,1034.6240306,30.40551235973568
13638,P330,40.324068862,-123.135581508,1653.0023722,31.172640296755052
13639,P331,40.732914311,-123.324142637,1541.9717422,24.81633159114144
13640,P332,40.54665034,-123.17450383,684.5017279,28.704513187377927
13641,P333,39.621380985,-122.975753515,2008.8291802,57.06452746297245
13642,P334,39.493591957,-122.73587138,1936.2246142,100.0
13643,P335,39.726189832,-122.873637045,2229.5041081,50.70542091354696
13644,P336,39.528079974,-122.430483615,286.7252842,69.03005967912895
13645,P337,40.296188876,-122.868804452,1193.3124044,39.961899925273855
13646,P338,40.747552991,-122.92302833,672.228002,39.86698697709926
13647,P339,40.0341106,-122.668249575,979.5615729,51.0968158975988
13648,P340,39.409339016,-123.049822925,864.7323528,100.0
13649,P341,40.650656231,-122.606899854,406.8370122,55.14553063520474
13650,P343,40.887128079,-123.334210125,1617.4514583,25.206936794268287
13651,P344,39.929123049,-122.027971433,49.780045,76.0580013729188
13652,P345,40.271234438,-122.270805988,134.0938736,65.38522118371083
13653,P346,39.7947098,-120.867463832,2037.3331772,100.0
13654,P347,41.183343252,-120.948461642,1268.8231555,100.0
13655,P348,40.905545797,-121.828002815,1668.0786179,80.12878524695188
13656,P349,40.731085459,-122.319350817,275.4100811,65.50651955200804
13669,P362,42.209103849,-124.225788354,1012.3735317,15.675404970461436
13670,P363,42.860063658,-124.054048353,70.3788769,21.249038828704137
13671,P364,43.090327755,-124.409290146,6.4159812,15.673655947899672
13672,P365,43.395518225,-124.253482513,27.097853,18.90882775970576
13673,P366,43.614310593,-123.9795938,529.0817766,24.46835569301586
13674,P367,44.585246292,-124.061571085,22.9121087,24.42989048745155
13675,P368,42.503524566,-123.383419972,319.4391445,35.19442570756567
13676,P369,43.140104991,-123.429459776,190.0207898,35.20925979058719
13677,P370,42.19098701,-122.656371175,555.0537919,55.99271301026275
13678,P371,43.363273649,-123.057899231,1198.0494044,44.96222381892599
13679,P372,45.428137625,-117.251657343,1208.3048657,100.0
13680,P373,43.622519102,-123.333274438,169.9254494,38.98197228639891
13681,P374,44.381925787,-123.590640137,73.2216593,34.007054359128226
13682,P375,44.689254505,-123.426986834,99.2055814,37.37258882753686
13683,P376,44.941202886,-123.102266112,180.8464707,43.262316466449676
13684,P377,44.052118724,-122.887057938,142.3899612,50.513053677134494
13685,P378,44.53498241,-122.93088144,83.1026163,48.407345108103556
13686,P379,44.496504806,-122.577043871,1221.7758229,56.479587789718614
13687,P380,42.259670422,-121.779697331,1390.8447237,79.42217526416309
13688,P381,43.001776664,-119.951803225,1567.4535634,100.0
13689,P382,43.177056638,-121.769573889,1453.2244534,77.57574274280061
13690,P383,44.342184517,-122.217220302,1295.5985193,63.99248101020656
13691,P384,44.841130536,-122.482818396,1182.5624113,56.81370644438711
13692,P385,44.434848331,-121.945833824,1120.7989355,69.92977672501738
13693,P386,44.402827671,-118.967817056,1103.4928054,100.0
13694,P387,44.296756165,-121.574476898,962.5963158,79.72572472887464
13695,P388,42.468779536,-120.377610302,1405.7653483,100.0
13696,P389,43.811992462,-120.603360983,1397.4404738,100.0
13697,P390,43.034007792,-118.928489455,1554.8457422,100.0
13698,P391,42.254629226,-118.412473389,1834.2324549,100.0
13699,P392,43.446758962,-119.001000547,1315.5191727,100.0
13700,P393,43.234495513,-117.892038258,1238.3048552,100.0
13701,P394,44.834881081,-117.799637759,1010.6918481,100.0
13702,P395,45.022279225,-123.857526944,53.0487497,28.621553239280956
13703,P396,45.309513301,-123.822895403,54.5503524,29.111573293267185
13704,P397,46.421619039,-123.799160826,566.301618,28.095631558602346
13705,P398,46.925784746,-123.916144767,23.4856957,26.94762552071912
13706,P399,47.433919655,-123.61296104,919.4157381,31.71406451359152
13707,P400,47.51334846,-123.812450795,64.9669442,29.74291658257255
13708,P401,47.937187744,-124.55701961,36.2036118,23.947547061404528
13709,P402,47.766221209,-124.30589746,23.7217671,25.711935007475013
13710,P403,48.062321873,-124.140875158,284.6511348,29.409012797164554
13711,P404,45.158533809,-123.39032792,79.0261732,37.4055973279207
13712,P405,45.629326973,-123.643757115,955.6500824,32.04790900575483
13713,P406,45.190372355,-123.152256706,27.2763091,41.597626710365724
13714,P407,45.954649371,-123.931006014,-13.1225236,26.546748745540818
13715,P408,46.200501798,-123.376586522,35.2731655,35.5514301823881
13716,P409,45.851293681,-123.239477487,177.2742821,38.39607256769523
13717,P410,46.111141549,-123.078605559,173.124462,40.19288917148635
13718,P411,45.53799288,-123.157417058,83.3636545,40.48180689739991
13719,P412,45.22110585,-122.589101187,53.2042613,52.601373378815794
13720,P413,48.426511748,-120.149584066,501.2575593,100.0
13721,P414,45.834868574,-122.692837443,63.8251917,48.162731210853124
13722,P415,46.655990796,-123.72986566,-15.4064251,29.070759058344727
13723,P416,47.039942006,-121.596928466,1576.5251309,79.28220682077648
13724,P417,46.574737874,-123.297929752,102.4760065,35.96852140768458
13725,P418,47.236645115,-123.407813448,115.1465696,33.86534969615579
13726,P419,47.409298533,-123.366526467,935.9719003,34.54895372577164
13727,P420,46.58860218,-122.866331539,74.1152415,42.8950107973904
13728,P421,46.531856052,-122.429229083,220.5829506,53.393475572189516
13729,P422,46.797865724,-116.979683569,843.7195852,100.0
13730,P423,47.287903558,-122.94121013,39.9341306,39.72089079809835
13731,P424,47.823183787,-122.874712631,-1.5935504,41.152643340781225
13732,P425,46.452693824,-122.845399059,64.271968,43.60817286166415
13733,P426,47.802724725,-122.514585308,3.3568743,47.110119586966306
13734,P427,45.430178732,-122.340631048,149.1873123,57.05325229929892
13735,P428,45.344560083,-121.672713198,1983.9149287,73.73094716956834
13736,P429,45.676127831,-121.877359968,25.5443567,67.50997516338134
13737,P430,47.003844149,-123.436222262,-4.3827676,33.46462471897031
13738,P431,46.572081572,-121.988452877,1422.7113493,64.93671266337321
13739,P432,46.622855874,-121.683229552,318.8861751,73.50464025811152
13740,P433,44.532522143,-119.872011876,1158.6696232,100.0
13741,P434,47.740202473,-121.075608748,1698.029232,99.65248698252681
13742,P435,48.059549048,-123.503278651,287.3175166,34.831672514432526
13743,P436,48.045302536,-123.134348069,190.8622425,38.972652251434475
13744,P437,48.001809435,-122.459157577,12.467414,49.86983040209319
13745,P438,48.419147954,-122.670262872,-9.898934,51.468121778298205
13746,P439,48.70819255,-122.909303412,-13.8719842,52.49411882707149
13747,P440,48.856193424,-122.493341054,6.329347,65.58253473209963
13748,P441,48.915978697,-122.139642079,115.1960379,78.99801319669822
13749,P442,48.260480084,-121.61554963,146.8834987,75.37663841866836
13750,P443,48.509647657,-121.285556906,1062.1043928,92.61242684727968
13751,P444,48.730219285,-121.067547715,493.8770832,100.0
13752,P445,45.590123116,-120.672246079,436.0626756,100.0
13753,P446,46.115662233,-122.892787813,-16.4567314,43.53839585010791
13754,P447,45.45282128,-119.690124603,471.2405649,100.0
13755,P448,45.910578611,-120.005200212,261.4411289,100.0
13756,P449,46.259792414,-119.630996628,208.4392766,100.0
13757,P450,45.95333511,-119.544194212,163.6624162,100.0
13758,P451,46.792786795,-119.041361102,351.4934496,100.0
13759,P452,47.403548937,-119.487282127,323.0287051,100.0
13760,P453,47.759132981,-118.745456441,644.2254423,100.0
13761,P454,47.953816027,-118.992578243,478.9255757,100.0
13961,P655,41.294485854,-122.206321668,1542.5169105,70.29287042523715
13962,P656,41.344838929,-122.195837621,2398.6135545,70.52166357032557
13963,P657,41.381239204,-122.293848294,1684.4329173,67.67906913454625
13964,P658,41.479176896,-122.190911948,1915.1903776,70.53065626919322
13965,P659,41.453733431,-122.092663384,1791.0877522,72.98885612603415
13966,P660,41.409591405,-122.067677699,1587.1831858,73.66533963415048
13967,P661,41.463597954,-122.312670453,1324.1832694,67.01787800465623
13968,P663,41.531939673,-122.152922587,2238.0040754,71.42625512982039
13969,P664,40.473195953,-121.495904699,2569.1277496,89.93032399473923
13970,P665,40.456127929,-121.52575454,2326.7990343,89.13511320700785
13971,P666,40.465345476,-121.514509352,2471.5425635,89.42973768531002
13972,P667,40.465826738,-121.467440047,2334.0602693,90.78705759941894
13973,P668,40.50899391,-121.46307672,1982.4976758,90.83445155684342
13974,P669,40.492124472,-121.603786379,1842.9328527,86.91312341618342
13975,P670,40.539905312,-121.577196313,1731.7483166,87.57270236276969
13976,P671,40.409140995,-121.428208266,1958.7918091,92.06408634204146
13977,P672,41.711570118,-121.506937654,1435.1143572,87.38693607945348
13978,P673,41.585823253,-121.613014706,2017.9044958,84.94782865825195
13979,P674,41.616322401,-121.48998561,1897.2379857,88.01499000410934
13992,P687,46.109572279,-122.354639015,391.0505507,55.07694824979974
13993,P688,46.030121441,-122.164160946,1165.7357032,60.280733843139565
13994,P689,46.189553469,-122.360619906,1359.4523631,54.90013403272077
13995,P690,46.179988971,-122.189869157,2078.8982453,59.70953352032122
13996,P691,46.23148369,-122.22696457,1182.885814,58.68530126303147
13997,P692,46.224498541,-122.184208026,1491.8727093,59.90182321333069
13998,P693,46.210321706,-122.20234797,2113.016019,59.37392315552455
13999,P694,46.299629437,-122.181931127,1725.6776006,60.01554440504829
14000,P695,46.198987467,-122.164213375,2015.673917,60.383015259970726
14001,P696,46.196881148,-122.15163592,1600.0181191,60.68394057676571
14002,P697,46.187642593,-122.176609097,2214.5991229,60.078683046761554
14003,P698,46.173465817,-122.160611427,1479.3981974,60.45479587170554
14004,P699,46.189783957,-122.203225644,2274.1058362,59.33474152959039
14005,P700,46.178134981,-122.217365604,1521.6649406,58.92283607282976
14006,P701,46.194624738,-122.133351951,1247.4353635,61.12186413006396
14007,P702,46.300161458,-122.345647741,1305.7104169,55.26272865958775
14008,P703,46.145258262,-122.196191378,988.4033535,59.50507903929594
14009,P705,46.172958521,-122.310593796,1150.8787846,56.27935865771314
14033,P730,41.359197182,-120.828249864,1822.4844762,100.0
14034,P731,41.332514949,-120.472761742,1391.293955,100.0
14035,P732,43.392499154,-123.891370267,582.0857814,25.768889605518158
14036,P733,42.442015577,-124.413297481,184.5419171,13.375630092275717
14037,P734,42.07663471,-124.2932567,113.3158972,13.90887163609703
14038,P735,42.691609761,-123.230999019,1577.6743652,39.792075402107436
14039,P736,42.579830048,-121.880128004,1259.566902,76.04615991664778
14040,P737,42.727141875,-122.609635713,1245.757376,56.12138540515143
14041,P738,42.546081027,-119.65870163,1706.7767743,100.0
14042,P739,42.020199668,-117.725429919,1351.8764101,100.0
14056,P784,41.830815703,-122.420456146,802.2393934,63.45086478381596
14057,P786,41.845484521,-123.980789822,83.9506868,19.207035581517065
14062,P791,45.344530715,-121.672683874,1985.1872923,73.73183619251076
14063,P792,46.244630688,-122.13690199,1246.8877582,61.06547841661366
14064,P793,40.478753393,-123.573130072,709.8619107,23.179261805495393
14065,P794,39.845679823,-122.963756567,2088.6282915,45.18430679193498
14084,P813,47.759209681,-118.745525233,644.0464338,100.0
14085,P814,47.759206281,-118.745383885,644.3994262,100.0
14086,P815,47.937187508,-124.557152723,36.2138081,23.94610357884344
14087,P816,47.937110179,-124.557087814,35.7573047,23.946254676231682
14091,P820,42.861851402,-124.053945997,68.8330464,21.257054490245913
14092,P821,43.144550657,-123.428987071,252.2613883,35.2344958129752
14093,P822,42.493466894,-122.588304356,1164.9224741,57.22433198609859
14094,P823,45.537634793,-123.157371022,78.0735165,40.48364820650525
14104,PABH,47.212799504,-124.20458195,12.8935205,24.221308917258533
14171,PALO,40.072795414,-117.110285084,1647.6174062,100.0
14226,PARP,41.324181105,-117.697972555,1530.5443426,100.0
14337,PCOL,47.172056734,-122.570805933,79.1406546,45.823509966150745
14341,PCS2,44.919077894,-123.32784088,95.4612298,39.04777511813766
14361,PDTN,45.665946553,-118.756929053,394.4720313,100.0
14363,PDXA,45.596872977,-122.609233022,-4.9794563,50.60732157802444
14364,PDXB,45.566488771,-122.581535282,-2.2751004,51.2864603427807
14406,PENN,40.034324219,-120.38044346,1903.9326259,100.0
14407,PENT,39.419344764,-120.322938195,2525.0281891,100.0
14410,PER1,47.981663774,-122.20813902,66.4111357,55.25645309588242
14416,PERA,39.48847893,-120.33160362,2026.083683,100.0
14444,PETE,39.750364009,-119.999661485,1722.8813498,100.0
14460,PFLD,47.898506926,-122.282182488,160.3019606,52.92749886523781
14468,PGC5,48.648532919,-123.451128471,3.5834494,41.18066264884255
14488,PHON,39.082978249,-117.772533415,2019.9645396,100.0
14523,PILG,40.871752552,-119.996789593,1887.6219898,100.0
14568,PKDL,45.518303097,-121.563680015,511.7464234,76.99655824676748
14579,PKWD,46.599797663,-121.676980969,306.685145,73.66138385099842
14601,PLEA,39.335894854,-119.754133544,1699.5683543,100.0
14622,PLMN,46.733931046,-117.193103767,743.0094105,100.0
14623,PLMO,39.433264927,-121.604570116,15.1414461,93.84335482153281
14627,PLNA,44.132065505,-119.966789656,1110.2200022,100.0
14655,PMAR,43.99067266,-121.686747569,2347.7947731,77.60378660483632
14692,PNCL,48.101460495,-123.41525778,89.3303026,36.06994598046805
14695,PNDL,45.669568365,-118.791536993,315.4997471,100.0
14701,PNHG,46.859079243,-121.642631554,2092.0697894,75.93231597202481
14702,PNHR,46.85895232,-121.642611685,2092.4368607,75.93237196332808
14706,PNNL,48.079279057,-123.045116371,-15.8678424,40.23398404024877
14711,PNTC,49.500781236,-119.59389334,343.0190254,100.0
14719,PNVL,44.312091966,-120.844612686,683.693745,99.41898740999805
14737,POKE,40.37918425,-118.471506973,1574.0560262,100.0
14749,POME,46.479945315,-117.631707762,551.03584,100.0
14757,PONY,39.27903613,-119.018963913,1310.2512735,100.0
14760,POOS,39.4547541,-119.259508073,1637.8471455,100.0
14772,PORC,41.599456423,-120.743188706,1525.8691589,100.0
14791,POTH,44.096877877,-122.039815718,1408.7333324,68.6702654270768
14798,POUL,47.754678934,-122.667225606,73.1136805,43.9589056025158
14848,PRDY,47.391362399,-122.609461006,82.5122593,44.22030471503983
14906,PRSR,46.215676773,-119.790837055,197.6884465,100.0
14935,PSEA,47.451388695,-122.320207128,93.8506596,50.76610776960416
14943,PSPT,42.754844698,-122.48950594,773.3038066,59.46333494867602
14961,PTAA,48.116829349,-123.494361141,66.8343913,35.23841729636664
14964,PTAL,49.256329325,-124.860955583,92.7470891,40.396532039873755
15014,PTRF,48.54426836,-124.413059029,172.8141988,31.41272530326887
15020,PTSG,41.782741093,-124.255199174,-10.2243031,13.379691238934024
15021,PTSN,45.939158368,-119.609755786,118.5909479,100.0
15056,PUPU,47.499559295,-122.008080466,542.4050075,58.545907343391335
15093,PYLP,47.191587075,-122.259813036,2.1698375,52.880132858228784
15189,QMAR,47.775100249,-120.965565148,812.0935266,100.0
15213,QUAD,50.132494793,-125.330830824,-7.4874128,53.82554236487059
15229,QUIN,39.974554118,-120.94442828,1105.7689488,100.0
15231,QUL2,49.345929814,-124.44300056,55.0053272,48.3969119484037
15275,RAIN,39.37820243,-118.551312315,1213.1064488,100.0
15302,RATT,39.48959807,-118.752648821,1251.23977,100.0
15307,RAVE,40.743002284,-120.379428655,1668.4578892,100.0
15309,RAWE,39.188440058,-119.535787059,1724.2174248,100.0
15360,RDFD,39.389907894,-119.764602076,1452.6577774,100.0
15366,RDL2,42.954458967,-123.362218531,198.7910985,36.531101929779595
15373,RDMO,39.397139892,-118.996109972,1459.1953363,100.0
15378,RDNG,40.625332374,-122.373877878,195.0023129,63.070625460108005
15410,REDM,44.259767657,-121.147880163,919.8658614,91.18118397237411
15411,REDR,39.894458496,-119.991392907,1491.5679294,100.0
15416,REED,43.701007059,-124.107798148,-14.2019836,22.132994035669615
15417,REES,39.159044102,-117.325236234,1968.5411498,100.0
15433,RENO,39.510252351,-119.916692581,1488.4762124,100.0
15454,REVE,50.989155872,-118.197582258,443.0376869,100.0
15457,REYN,39.982070407,-120.463101469,1668.402146,100.0
15533,RIC2,46.277376651,-119.277661372,99.5892005,100.0
15540,RICO,39.884104716,-117.105663106,1601.6811591,100.0
15589,RKD1,48.964351221,-119.413028878,313.1849894,100.0
15618,RMDB,44.259767011,-121.147881603,919.9397886,91.1811472872151
15626,RMRK,46.749471869,-120.792311425,477.3912867,100.0
15644,RNO1,39.53790755,-119.885815445,1530.6681446,100.0
15686,ROKY,47.01964021,-122.346161912,128.3701341,52.822455599459275
15709,ROSE,40.804058731,-118.712508706,1500.1058883,100.0
15736,RPAS,39.35864356,-117.41280327,1901.0022436,100.0
15738,RPT5,47.387506277,-122.374766758,-9.7347917,49.39878239247494
15739,RPT6,47.387203872,-122.375007209,-9.7012182,49.392435586549496
15740,RPUB,48.649350563,-118.734118532,797.6406825,100.0
15746,RSBG,43.235017446,-123.359385812,135.2410195,37.30084775872886
15777,RUBY,40.617210301,-115.12283412,1881.7442731,100.0
15790,RUSS,39.223048086,-118.760063183,1376.4272961,100.0
15809,RYA1,48.217518184,-116.262012258,648.4636543,100.0
15812,RYEP,40.554408928,-118.423724597,1399.4267002,100.0
15816,RYMD,46.684129755,-123.730412096,-10.4870885,29.073969942971946
15917,SAC4,48.566674095,-123.420743472,49.7995389,40.06439950251621
15937,SAID,40.912404981,-120.711573934,1690.5667336,100.0
15961,SALM,50.662911323,-119.361670754,347.8007823,100.0
15978,SAMM,47.539863142,-122.033172972,7.009564,58.05832889997309
15994,SAND,39.275104572,-118.378329405,1349.3255469,100.0
16020,SARD,39.512729768,-120.145676163,1871.6084804,100.0
16048,SATS,46.965654115,-123.541227431,-7.7080251,31.95925228575912
16085,SBUT,39.579759699,-120.659624613,1763.1691017,100.0
16087,SC00,46.950924711,-120.724609701,1178.3865122,100.0
16089,SC02,48.546194747,-123.00761051,-15.0490625,46.60252041011152
16090,SC03,47.816587011,-123.705737883,2018.4801012,31.92943177790677
16091,SC04,48.923163912,-123.704129376,14.8303266,43.73299657620978
16145,SCHO,41.129660803,-118.355374273,1302.992659,100.0
16167,SCMV,48.417853248,-122.337203711,5.3231551,58.56288739449816
16265,SEAI,47.687005034,-122.256302276,-3.8686159,52.618580583370594
16268,SEAS,45.984225501,-123.922422901,-12.0488875,26.654966648987767
16269,SEAT,47.653976964,-122.309475895,44.210986,51.277116365131846
16277,SEDK,48.504162011,-122.238928886,3.2745572,62.69160225912705
16279,SEDR,48.521557812,-122.223847794,29.8106114,63.43473371378211
16306,SEMN,40.381207416,-119.400578047,1217.6375106,100.0
16308,SEMS,40.363761417,-119.412808858,1211.8018608,100.0
16319,SEPR,46.200328259,-122.191048795,2100.6652486,59.68981259766407
16321,SEQM,48.091415628,-123.113543652,34.7006633,39.44330790616414
16341,SEVN,40.306760223,-118.848052817,1224.4938239,100.0
16449,SHEP,40.676117837,-117.628700582,1590.5761106,100.0
16453,SHIN,40.591678861,-120.22504306,1377.3265987,100.0
16462,SHLD,41.86836761,-119.015683508,1457.5492911,100.0
16464,SHLT,47.215950486,-123.111361344,-6.3511139,37.65175124161109
16473,SHPB,49.347507018,-126.259856394,5.7243974,24.576544646211598
16479,SHRK,45.464314375,-121.528766692,1319.5165584,78.27134590661834
16484,SHSH,39.882162777,-117.729006725,1210.8779561,100.0
16591,SKCO,45.694246133,-121.883961535,42.6133531,67.29790548861673
16595,SKED,40.278375859,-120.034539626,1302.4825134,100.0
16599,SKGT,48.433435525,-122.342470247,-6.7275255,58.77983322540456
16605,SKMA,45.694244206,-121.883960529,43.1083013,67.29793642651347
16606,SKND,41.031636706,-118.708197626,1260.7350881,100.0
16621,SLAT,39.084659644,-118.190272116,1773.3491992,100.0
16641,SLI4,39.314277521,-119.88428717,2902.5273532,100.0
16642,SLID,39.314277001,-119.884287,2902.5183673,100.0
16656,SLT1,39.287190483,-118.571744136,1255.6075946,100.0
16657,SLT2,39.293072658,-118.587509997,1299.8476957,100.0
16661,SLUM,41.160249224,-117.931428608,1369.9784116,100.0
16670,SMAI,47.523571948,-122.345058123,113.442279,50.26314358112186
16700,SMOK,40.621279425,-119.647775724,1220.5017165,100.0
16720,SNDR,43.003298196,-120.251039169,1368.028095,100.0
16744,SNOQ,47.391309616,-121.388281215,770.0720601,83.40233596401674
16747,SNRS,46.914613952,-121.643601609,1938.3747977,76.3662802450507
16796,SONC,40.853123751,-117.728221974,1467.5382355,100.0
16826,SPA1,39.636963292,-119.708857634,1353.6392754,100.0
16863,SPK2,39.540755139,-119.710139042,1323.528138,100.0
16864,SPKN,47.627663844,-117.502579255,694.629726,100.0
16865,SPKS,39.541512843,-119.711978288,1324.9542105,100.0
16866,SPKV,47.677413671,-117.271516996,589.3815121,100.0
16872,SPN5,47.518355797,-117.423698873,720.1500211,100.0
16873,SPN6,47.518368183,-117.423350081,720.5959819,100.0
16880,SPRA,44.826691444,-119.776305786,566.7945013,100.0
16881,SPRG,47.309855802,-117.975332584,600.5860297,100.0
16882,SPRK,39.512064851,-119.709984047,1362.2156507,100.0
16896,SQAW,44.192443404,-121.650488027,1406.964976,77.96303230006284
16897,SQIM,48.082403159,-123.10204315,34.9915254,39.52554214464531
16898,SQMS,49.725217587,-123.141737405,0.9226199,78.10399315638091
16899,SQUA,40.844021802,-119.559946736,1391.0234557,100.0
16937,SSB2,39.620701503,-119.722589668,1357.2525739,100.0
16942,SSHO,47.682299818,-122.315164926,74.1127551,51.16439424823387
16948,SSNV,40.37907287,-120.465565669,1231.4965777,100.0
16962,STA7,46.850811003,-121.793878264,3357.8895959,70.68408511766523
16964,STAG,39.333527429,-119.465532431,1352.0104683,100.0
16971,STAY,44.830707524,-122.820859384,110.8706976,49.50936948900656
16995,STDI,39.508563037,-119.919292285,1529.1900789,100.0
17000,STEA,39.62554316,-119.883673726,1534.2568702,100.0
17023,STHI,39.363946277,-119.788166625,1807.9910686,100.0
17025,STHM,44.396181299,-122.734228138,144.7584016,53.43745335045648
17081,STON,40.23077657,-119.206861308,1513.989529,100.0
17147,SUHS,42.986908861,-123.328826346,180.3223819,37.51314404082031
17170,SUNR,39.050744127,-119.59122841,1908.6994826,100.0
17175,SUPR,41.661799485,-120.068955656,1590.3121163,100.0
17181,SUR6,49.074186283,-122.691903508,24.7646429,66.88153329090625
17186,SURR,49.17464919,-122.695077091,13.0553705,70.16386333056971
17189,SUSA,40.449298216,-120.563356579,1678.2672595,100.0
17195,SUTB,39.205836147,-121.820598909,616.5568801,91.23013893278346
17215,SVI2,43.643062835,-121.253276785,1751.3537351,89.53582929394435
17247,SWNB,43.672737234,-121.355445339,1550.3545373,87.02704223491592
17253,SWRN,42.048940655,-120.045830436,1820.1710025,100.0
17265,SYNC,44.023854389,-121.776679932,1649.4287036,75.0943423702294
17290,TACO,47.228867216,-122.471507721,81.0038756,47.541493299896764
17302,TAHB,49.892992683,-126.677603026,453.7520129,27.989531333404774
17384,TAY1,46.714634654,-117.176223714,749.9146526,100.0
17435,TDLS,45.607711002,-121.129506669,26.5164158,90.65813016968086
17493,TERM,40.862651389,-120.498415224,1613.2877453,100.0
17508,TFNO,49.154142857,-125.907839042,-3.9141747,24.898170402011942
17511,TGAU,46.219196021,-122.192333999,1618.3087357,59.66606516034359
17566,TGUA,46.219195075,-122.192331023,1618.3028117,59.666149518453416
17585,THAR,46.275251347,-122.174034904,1430.5927364,60.19114520274789
17587,THCR,39.401796527,-119.838286646,1785.4022255,100.0
17618,THRM,44.089800176,-121.619567213,2166.5527024,79.11484469855871
17631,THUN,47.105840728,-122.288465496,142.5143515,53.08118282711955
17653,TILL,45.455129417,-123.830767541,-4.6078578,28.84069990028918
17671,TIRE,40.646663268,-118.630129372,1462.281913,100.0
17726,TLON,40.07861155,-118.711715855,1452.9442826,100.0
17749,TMB2,39.215647883,-121.329536269,113.8049962,100.0
17752,TMBU,43.601840441,-121.144568474,1721.184706,92.3765660141192
17902,TOIY,39.542173081,-117.04940712,2299.0534064,100.0
17907,TOLA,39.794636987,-120.448697877,1559.4636325,100.0
17981,TPW2,46.207372758,-123.768363697,-14.9727255,28.79906603262809
17992,TRAC,39.532150259,-119.480059699,1413.0715228,100.0
17993,TRAI,49.098110618,-117.709957505,416.1127387,100.0
18034,TRIN,40.28987256,-118.636239509,1657.7189353,100.0
18047,TRND,41.053885959,-124.150866733,78.1823966,15.719404764715431
18071,TRUC,39.295774887,-120.227695277,2141.3270528,100.0
18098,TSEP,46.200013453,-122.190680925,2104.6765277,59.7001043382964
18119,TSTU,46.236867575,-122.224064303,1248.6604177,58.77184528908096
18150,TULE,41.017798389,-120.022951303,1518.3855365,100.0
18155,TUMW,46.984300745,-122.912161499,46.0825784,40.797973799591915
18157,TUNG,40.403201211,-118.25750415,1414.753599,100.0
18163,TURN,39.858827824,-120.416708995,1732.077229,100.0
18165,TURT,40.103200104,-120.082715972,1408.4844888,100.0
18188,TWHL,47.01590546,-122.92287557,107.2744388,40.44235861815512
18190,TWIW,46.21291555,-122.158732435,1630.5642461,60.52272951293429
18201,TWRI,46.197901896,-122.211924394,2071.0542218,59.09184341202095
18202,TWSP,48.365543739,-120.121671519,477.7344159,100.0
18624,UCLU,48.925637606,-125.54164083,10.0779692,24.932219676805705
18647,UFDA,47.755009362,-122.667416405,76.6373029,43.957198207941
18690,UKIA,45.132797629,-118.936582357,1009.0194718,100.0
18767,UPSA,39.627112241,-118.80227912,1233.2787943,100.0
18955,V081,47.604099282,-122.338500788,-0.4962369,50.49302763062323
18956,V096,47.601636097,-122.33624821,-0.6225638,50.543324092860665
18957,V102,47.60058516,-122.335720002,-1.0283043,50.55481167316557
19082,VCWA,45.617627183,-122.516072054,77.0316679,52.51475283074771
19113,VER5,50.281185905,-119.272228082,387.5137717,100.0
19159,VIC1,48.453439732,-123.542542708,63.0874134,37.520644333434646
19177,VIGU,39.557926898,-117.179239584,1953.2480294,100.0
19210,VIRC,39.345869376,-119.636933513,2013.9828032,100.0
19213,VIRP,39.730662595,-119.492573158,2078.9071055,100.0
19286,VLMY,40.711271746,-117.288789369,1523.7739444,100.0
19309,VNCR,49.266028581,-123.098497901,10.6861786,62.807865278691935
19346,VRDE,39.524365636,-119.961952089,1469.7175469,100.0
19351,VRN4,50.199989073,-119.317769028,466.1849612,100.0
19352,VRN9,50.214801257,-118.573886225,706.321007,100.0
19353,VRNN,50.263636571,-119.276556032,374.4071481,100.0
19354,VRNT,46.636858161,-119.732032177,115.8664329,100.0
19440,WABR,48.100398877,-119.780298955,232.5430157,100.0
19441,WABU,39.157792378,-119.259290272,1381.4364596,100.0
19443,WACC,47.611507773,-119.293408004,470.6632156,100.0
19445,WACS,46.675429323,-122.970012186,39.3590154,40.6867675969216
19446,WACX,46.954497082,-117.332428793,676.8308151,100.0
19447,WACY,47.563666461,-117.594679802,723.164637,100.0
19450,WAEL,46.983542461,-120.546998049,442.548987,100.0
19451,WAEN,47.203314204,-121.985366993,212.7144456,61.36420490634389
19452,WAEV,47.981495142,-122.20809219,66.6239221,55.25618724627624
19453,WAFD,48.828435763,-122.555082558,7.3349685,63.33026836554117
19454,WAFH,48.532697183,-123.018649711,10.1616454,46.09061114047964
19455,WAFR,48.53064176,-123.027170181,32.6928633,45.883827060182114
19457,WAGO,41.29164057,-119.513954451,1867.0936958,100.0
19471,WAK2,46.112725641,-122.889709648,-7.2806134,43.59931879706084
19473,WAKI,47.708755122,-122.187489991,43.6330362,54.3815385490422
19474,WAKL,46.113487471,-122.889470124,-10.7264615,43.602031783456965
19478,WALA,46.091510103,-118.258142611,368.7708163,100.0
19482,WALL,41.248478213,-119.718797867,1770.1226592,100.0
19485,WAM1,48.384298509,-122.332988489,-9.6957268,57.94019117213303
19486,WAMC,45.223829778,-121.273631582,528.119622,86.1258218394909
19487,WAMO,46.554667925,-122.273677321,273.388166,57.68837556089288
19488,WAMS,46.977580901,-123.602375593,-9.0475824,31.099374082804534
19489,WAMV,48.384461332,-122.333060918,-11.8135548,57.94207235008706
19490,WAMW,46.761763429,-119.932352477,143.1699674,100.0
19494,WAOL,47.046479763,-122.843766455,45.4067917,41.754886770545326
19497,WAOT,46.810416003,-119.173655577,305.6727528,100.0
19498,WAOY,47.047904946,-122.838917632,48.2771093,41.836328268330846
19499,WAPA,46.249081739,-119.080338335,116.7419779,100.0
19500,WAPC,46.244885932,-119.083460052,113.491863,100.0
19502,WAPO,47.803480194,-122.569174392,19.7706778,45.885987417304875
19503,WAPS,47.451198067,-122.320806064,94.9344462,50.75210085008144
19504,WAQU,47.235054614,-119.83790645,379.5500794,100.0
19512,WARD,39.148365854,-120.243137371,2569.9658524,100.0
19517,WARM,47.680662928,-122.136657311,-7.4080504,55.665548047131864
19522,WARZ,47.121144467,-118.383214124,537.8304252,100.0
19523,WAS1,47.623989757,-117.500499539,697.2802365,100.0
19525,WASK,47.665722093,-117.420578444,572.9883351,100.0
19526,WASN,46.303809929,-120.021423883,203.0840076,100.0
19527,WASQ,47.526647023,-121.826152761,115.8130104,65.15024135735774
19530,WASU,39.036355562,-118.970062964,1510.7475676,100.0
19534,WAT4,47.240009629,-122.380776797,-11.1343549,49.52814553248725
19538,WATK,47.227884798,-117.067610532,764.5474287,100.0
19548,WAW3,47.481275751,-120.321685638,193.1301379,100.0
19550,WAWE,47.404367604,-120.284974405,224.5950873,100.0
19551,WAWL,46.081820057,-118.282221213,338.4401421,100.0
19553,WAWW,46.081438157,-118.282310375,339.8541212,100.0
19555,WAYA,46.616724162,-120.551133409,331.2426543,100.0
19556,WAYK,46.607242604,-120.469704072,299.6086713,100.0
19569,WDBN,45.170864146,-122.870053066,39.8190751,46.93383143205204
19573,WDCB,40.580100029,-122.540650368,259.6476462,56.89478366346539
19582,WEBG,45.779576465,-122.562823024,66.6161625,51.0199905300758
19587,WEEZ,47.976884068,-122.204729631,65.2224601,55.29996286970645
19621,WHBR,44.163173439,-121.978603318,688.3287866,69.98139086113632
19625,WHD5,48.312715742,-122.696143711,13.9985237,48.925910127918655
19626,WHD6,48.312442314,-122.696144201,10.7934646,48.92120469881226
19686,WIF3,44.059630907,-121.817577352,1947.3800492,74.03295965548463
19687,WIFC,44.059642044,-121.817563388,1949.5881319,74.03325334731736
19691,WIFR,44.059678382,-121.817579502,1951.5454348,74.03277858927703
19707,WILC,40.558078388,-117.877733606,2137.9708069,100.0
19708,WILD,40.024612473,-118.467559495,1227.8558084,100.0
19747,WINV,39.962467474,-119.824020934,1689.350274,100.0
19843,WMSG,45.131264474,-121.597275406,1048.0475088,76.62582068355516
19862,WNTH,48.463234381,-120.172987743,523.0595762,100.0
19878,WOND,39.380811436,-118.080657198,1587.355578,100.0
19890,WOSB,50.160742464,-126.570362847,945.2828013,32.80467270894475
19891,WOST,50.212360961,-126.604953064,136.6377145,32.98666865349552
19913,WRNR,41.557073405,-120.404734354,1487.2884152,100.0
19928,WSLB,50.126538685,-122.921191071,909.4062495,93.6347774767981
19990,WVN3,49.351720682,-123.251051541,161.5340234,62.5561729122131
19996,WVRT,39.943771127,-119.826022877,1663.3883859,100.0
20010,WWRF,39.520204395,-119.702875467,1325.5813668,100.0
20061,XANE,47.444893555,-120.36621968,413.6208175,100.0
20066,XELK,45.902657281,-115.06678523,2092.9482892,100.0
20067,XFIS,46.33016074,-115.395782059,1600.3313629,100.0
20068,XFOG,46.114517518,-115.201866706,1823.1352433,100.0
20084,XMOC,46.566087326,-115.064974174,2032.8568557,100.0
20091,XSYA,46.18065496,-115.740972234,1087.3939283,100.0
20100,YACH,44.292955389,-124.080436299,418.3194462,23.725695000792314
20104,YAKI,46.604964142,-120.505064853,323.8438329,100.0
20105,YAKS,46.584549353,-120.529922423,308.0646427,100.0
20126,YBH2,41.731654696,-122.7107387,1065.8026949,55.71516694771971
20127,YBHB,41.7316554,-122.710735727,1065.6825444,55.71524576915036
20130,YCS2,46.941248771,-122.590563226,91.4266957,47.50864792713967
20142,YELM,46.948716942,-122.605734967,81.9933915,47.067462123214796
20167,YOCR,45.379101968,-121.743553171,1884.2695266,71.69162845423705
20171,YONC,43.634111315,-123.298300868,86.4919472,39.870046437976335
20339,ZOLE,39.42167052,-119.753358054,1357.3125493,100.0
20346,ZSE1,47.286993662,-122.188372072,82.0649443,54.09983873108468
